,date,company,cleaned_headline
0,2025-05-29,GOOGL,bill nygrens strategic moves constellation brands inc takes center stage with 112 portfolio impact
1,2025-05-29,TSLA,market today nvidia nvda leads ai surge amid strong earnings
2,2025-05-29,AAPL,asx market open trump tariff appeal ruling bumps wall street up shakes oz shares may 30 2025
6,2025-05-29,AAPL,sonder holdings inc receives notification of deficiency from nasdaq related to delayed filing of quarterly report on form 10q
7,2025-05-29,MSFT,netapp reports record results for fourth quarter and fiscal year 2025
8,2025-05-29,TSLA,tesla tsla rating downgraded amid price concerns
9,2025-05-29,AAPL,nvidia nvda surges on strong earnings amid us stock market gains
10,2025-05-29,TSLA,nvidia nvda surges on strong earnings amid us stock market gains
12,2025-05-29,TSLA,whats next for tesla as musk departs trump white house
13,2025-05-29,MSFT,stock market today markets close higher amid trump tariff legal battle nvidia leads tech gains
14,2025-05-29,GOOGL,sp 500 gains and losses today hp best buy stocks drop as tariffs weigh on outlook
15,2025-05-29,AAPL,jim cramer on apple inc aapl theyll have the best ai
16,2025-05-29,TSLA,tesla tsla announces robotaxi launch in austin tsla stock news
17,2025-05-29,AAPL,stock market today sp 500 and nasdaq rally on nvidia earnings court blocks trump tariffs
18,2025-05-29,TSLA,stock market today sp 500 and nasdaq rally on nvidia earnings court blocks trump tariffs
19,2025-05-29,AMZN,amazon amzn launches zeroone group to innovate consumer tech
20,2025-05-29,AMZN,amzn partners with new york times for content licensing deal amzn stock news
21,2025-05-29,AMZN,amazon amzn forms new team for innovative consumer products amzn stock news
22,2025-05-29,AAPL,wedbush apple inc nasdaqaapl could face us pressure but india key to avoiding 3500 iphones
23,2025-05-29,TSLA,tesla tsla advocates for gradual phaseout of energy tax credits tsla stock news
24,2025-05-29,AMZN,amazon amzn and new york times forge ai licensing partnership amzn stock news
25,2025-05-29,GOOGL,google to launch direct sales and physical stores in india
26,2025-05-29,TSLA,td cowen maintains buy rating on tesla tsla
27,2025-05-29,AAPL,ubs maintains neutral rating on apple aapl keeps 210 pt
28,2025-05-29,TSLA,stock market today markets climb as court blocks trump tariffs and nvidia impresses
29,2025-05-29,AAPL,apple aapl faces decline in iphone shipments amid rising tariff concerns
30,2025-05-29,GOOGL,jensen huang to offload 6m nvidia shares in 2025
31,2025-05-29,AMZN,cloud wars googles 75b bet against microsoft and amazon
32,2025-05-29,GOOGL,cloud wars googles 75b bet against microsoft and amazon
33,2025-05-29,MSFT,cloud wars googles 75b bet against microsoft and amazon
34,2025-05-29,GOOGL,investors double down on taco trade after tariff invalidation a tell from nvidia mass layoffs nvidia nasdaqnvda spdr sp 500 arcaspy
35,2025-05-29,TSLA,investors double down on taco trade after tariff invalidation a tell from nvidia mass layoffs nvidia nasdaqnvda spdr sp 500 arcaspy
36,2025-05-29,AMZN,investors double down on taco trade after tariff invalidation a tell from nvidia mass layoffs nvidia nasdaqnvda spdr sp 500 arcaspy
37,2025-05-29,AAPL,investors double down on taco trade after tariff invalidation a tell from nvidia mass layoffs nvidia nasdaqnvda spdr sp 500 arcaspy
38,2025-05-29,MSFT,microsoft msft stock nears record high as azure cloud business surges
39,2025-05-29,AMZN,amazon amzn partners with new york times for exclusive content agreement amzn stock news
40,2025-05-29,MSFT,stock market today markets rally as court blocks trump tariffs and nvidia impresses
41,2025-05-29,AMZN,performance comparison amazoncom and competitors in broadline retail industry amazoncom nasdaqamzn
42,2025-05-29,GOOGL,assessing meta platformss performance against competitors in interactive media services industry meta platforms nasdaqmeta
43,2025-05-29,AAPL,affirm expands partnership with williamssonoma inc into canada
44,2025-05-29,AMZN,new york times agrees to license content to amazon for ai use
45,2025-05-29,GOOGL,new york times agrees to license content to amazon for ai use
46,2025-05-29,TSLA,teslas return to reality will be brutal i might buy puts nasdaqtsla
47,2025-05-29,MSFT,nvidia stock soars after earningsas stocks broadly rally on tariff ruling
48,2025-05-29,TSLA,a closer look at teslas options market dynamics tesla nasdaqtsla
49,2025-05-29,TSLA,iova reminder bfa law reminds iovance biotherapeutics inc investors of the imminent july 14 deadline in securities fraud class action nasdaqiova
50,2025-05-29,TSLA,vtrs reminder bfa law reminds viatris inc investors of the imminent june 3 deadline in securities fraud class action nasdaqvtrs
51,2025-05-29,GOOGL,these 4 quantum stocks outperformed in mayis there more room to run
52,2025-05-29,MSFT,these 4 quantum stocks outperformed in mayis there more room to run
53,2025-05-29,AAPL,how to trade spy and top tech stocks after tariff ruling boosts market
54,2025-05-29,GOOGL,how to trade spy and top tech stocks after tariff ruling boosts market
55,2025-05-29,TSLA,how to trade spy and top tech stocks after tariff ruling boosts market
56,2025-05-29,AAPL,us stocks rise as court ruling weakens trumps tariff authority tech leads rally on nvidia earnings
57,2025-05-29,MSFT,tesla block ride bitcoin boom as microstrategy goes all in strategy nasdaqmstr tesla nasdaqtsla block nysexyz
58,2025-05-29,TSLA,tesla block ride bitcoin boom as microstrategy goes all in strategy nasdaqmstr tesla nasdaqtsla block nysexyz
61,2025-05-29,MSFT,comscore adds consumer ai tool usage data to its industryleading suite of reporting scor stock news
62,2025-05-29,AAPL,apples perfect storm tariffs china ai and innovation nasdaqaapl
63,2025-05-29,AAPL,stock market today futures surge as court blocks trump tariffs and nvidia impresses
64,2025-05-29,MSFT,stock market today futures surge as court blocks trump tariffs and nvidia impresses
65,2025-05-29,TSLA,stock market today futures surge as court blocks trump tariffs and nvidia impresses
66,2025-05-29,AAPL,podcastone nasdaq podc announces network expansion with launch of five new and acquired podcasts marks 11 additions in 2025 for a total of 208 shows
67,2025-05-29,TSLA,morning reads
68,2025-05-29,GOOGL,google goog collaboration supports nutanixs positive outlook goog stock news
69,2025-05-29,GOOGL,chip stocks and big tech shares jump on trump tariffs ruling nvidias earnings and elon musk news
70,2025-05-29,MSFT,chip stocks and big tech shares jump on trump tariffs ruling nvidias earnings and elon musk news
71,2025-05-29,TSLA,chip stocks and big tech shares jump on trump tariffs ruling nvidias earnings and elon musk news
72,2025-05-29,AMZN,chip stocks and big tech shares jump on trump tariffs ruling nvidias earnings and elon musk news
73,2025-05-29,AAPL,chip stocks and big tech shares jump on trump tariffs ruling nvidias earnings and elon musk news
74,2025-05-29,AAPL,stock futures fade overnight gains after activist judges block trump tariffs nvda earnings impress
75,2025-05-29,GOOGL,stock futures fade overnight gains after activist judges block trump tariffs nvda earnings impress
76,2025-05-29,MSFT,stock futures fade overnight gains after activist judges block trump tariffs nvda earnings impress
77,2025-05-29,TSLA,stock futures fade overnight gains after activist judges block trump tariffs nvda earnings impress
78,2025-05-29,TSLA,dan ives calls elon musks trump white house exit music to the ears of tesla shareholders predicts renewed autonomous vehicle focus tesla nasdaqtsla
79,2025-05-29,AAPL,recovery from startup failure hidden mistakes to avoid now
81,2025-05-29,MSFT,top 5 stock buys for june ai picks that arent nvidia
82,2025-05-29,TSLA,5 things to know before the stock market opens
83,2025-05-29,TSLA,over 20 byd dealerships shut down in china amid expansion to europe impacting 1000 customers report byd otcbyddy
84,2025-05-29,GOOGL,goog partnership boosts warby parkers market outlook goog stock news
85,2025-05-29,MSFT,microsoft current valuation is a gift nasdaqmsft
86,2025-05-29,AAPL,apple to launch ios 26 macos 26 in major rebrand tied to software redesigns
88,2025-05-29,AAPL,wall street breakfast podcast judges check trumps trade
89,2025-05-29,TSLA,wall street breakfast podcast judges check trumps trade
90,2025-05-29,GOOGL,google googl launches direct online device sales in india
91,2025-05-29,TSLA,tesla deliveries drop 87 in quebec in q1 hitting 2year low amid incentive cuts musks political ties tesla nasdaqtsla
92,2025-05-29,AAPL,a 9 dividend to ride out the us debt downgrade
93,2025-05-29,MSFT,a 9 dividend to ride out the us debt downgrade
94,2025-05-29,GOOGL,stock market today markets surge as court blocks trump tariffs and nvidia impresses
96,2025-05-29,GOOGL,c3ai eyes 47 billion agentic ai market by 2030 with 60 million arr we are well positioned to capitalize says ceo c3ai nyseai amazoncom nasdaqamzn
97,2025-05-29,MSFT,c3ai eyes 47 billion agentic ai market by 2030 with 60 million arr we are well positioned to capitalize says ceo c3ai nyseai amazoncom nasdaqamzn
98,2025-05-29,AMZN,c3ai eyes 47 billion agentic ai market by 2030 with 60 million arr we are well positioned to capitalize says ceo c3ai nyseai amazoncom nasdaqamzn
99,2025-05-29,AAPL,forget ios 19 your next iphone update could be ios 26 as apple plans major os overhaul
100,2025-05-29,TSLA,tesla institutional investors demand elon musks 40 hours a week commitment amid company crisis urge succession plan for top execs tesla nasdaqtsla
102,2025-05-29,MSFT,how high can nvidia stock price go strong nvda earnings and new 185 share predictions
103,2025-05-29,GOOGL,tesla targets june 12 launch of robotaxi service in austin
104,2025-05-29,TSLA,tesla targets june 12 launch of robotaxi service in austin
105,2025-05-29,AAPL,jio platforms finds the right signal with nonconnectivity ventures
106,2025-05-29,TSLA,musk departs us government with his business empire in turmoil
107,2025-05-29,AAPL,google launches direct sales of pixel phones in india a new retail era et retail
108,2025-05-29,AAPL,if trumps going to outright dismiss courts over liberation day were about to find out
109,2025-05-29,MSFT,nvidia record 44b quarter signals strength despite china export headwinds
111,2025-05-29,TSLA,tesla tsla ceo elon musk concludes role as special government employee tsla stock news
112,2025-05-29,TSLA,tesla tsla plans june launch for austin robotaxi service
113,2025-05-29,AAPL,nvda aapl amzn tem tsla 5 trending stocks today apple nasdaqaapl amazoncom nasdaqamzn
114,2025-05-29,AMZN,nvda aapl amzn tem tsla 5 trending stocks today apple nasdaqaapl amazoncom nasdaqamzn
115,2025-05-29,TSLA,nvda aapl amzn tem tsla 5 trending stocks today apple nasdaqaapl amazoncom nasdaqamzn
119,2025-05-29,AAPL,apple to launch ios 26 macos 26 in major rebrand tied to software redesigns
120,2025-05-29,TSLA,musk departs doge leaving costcutting efforts legacy in doubt
121,2025-05-29,AMZN,dow futures jump over 400 points amazon and walmart shares spike in afterhours trading after court blocks trump tariffs nikkei opens higher costco wholesale nasdaqcost amazoncom nasdaqamzn
123,2025-05-29,TSLA,cathie wood ditches 56m more tesla while elon musk quits government role doubles down on ai stock under attack by short sellers ark genomic revolution etf batsarkg ark innovation etf batsa
128,2025-05-28,TSLA,tesla inc tsla set to launch robotaxi service in austin on june 12 bloomberg news
129,2025-05-28,GOOGL,salesforce says ai has reduced hiring of engineers and customer service workers
130,2025-05-28,AAPL,asx market open another nearflat morning as rosy nvidia results fail to really excite
136,2025-05-28,TSLA,tesla investors demand musk work 40hour week at ev maker as crisis builds
137,2025-05-28,GOOGL,alphabet inc goog stock moves 034 what you should know
138,2025-05-28,GOOGL,alphabet googl stock moves 031 what you should know
140,2025-05-28,AAPL,apples valuation is priced to perfection thought on the higher end nasdaqaapl
141,2025-05-28,AAPL,strategic turnaround plans hidden mistakes to avoid now
142,2025-05-28,AAPL,us tightens china chip curbs by targeting design software
143,2025-05-28,TSLA,stock market today markets await nvidia earnings and fed minutes as major indexes edge lower
147,2025-05-28,TSLA,hedge fund and insider trading news ray dalio david tepper warren buffett bill ackman saba capital management impactive capital lakeland financial corp lkfn tesla inc tsla and more
148,2025-05-28,AAPL,market direction to be driven by nvidia earnings consumer roars back with renewed faith in trump nvidia nasdaqnvda spdr sp 500 arcaspy
149,2025-05-28,AMZN,market direction to be driven by nvidia earnings consumer roars back with renewed faith in trump nvidia nasdaqnvda spdr sp 500 arcaspy
150,2025-05-28,GOOGL,market direction to be driven by nvidia earnings consumer roars back with renewed faith in trump nvidia nasdaqnvda spdr sp 500 arcaspy
151,2025-05-28,TSLA,market direction to be driven by nvidia earnings consumer roars back with renewed faith in trump nvidia nasdaqnvda spdr sp 500 arcaspy
154,2025-05-28,MSFT,20 ways data analytics gives physical stores a competitive edge
155,2025-05-28,TSLA,tesla inc tsla jim cramer shares key catalyst that could make stock skyrocket
156,2025-05-28,GOOGL,for alphabet inc googl ai research monetization is all that matters says jim cramer
157,2025-05-28,AMZN,amazoncom inc amzn will buy every single nvidia chip it can get says jim cramer
161,2025-05-28,MSFT,microsoft stock rallies 33will nvidias earnings be the next catalyst
162,2025-05-28,TSLA,tesla tsla gets 355 price target as robotaxi launch sparks analyst optimism
163,2025-05-28,GOOGL,alphabet googl stock outperforms nasdaq analyst sees promising signs after i
164,2025-05-28,GOOGL,alphabet googl stock outperforms nasdaq analyst sees promising signs after io
165,2025-05-28,AAPL,apple takes top spot in global smartphone market in q1 counterpoint
166,2025-05-28,TSLA,stock market today markets steady as investors await nvidia earnings and fed minutes
167,2025-05-28,AMZN,investigating amazoncoms standing in broadline retail industry compared to competitors amazoncom nasdaqamzn
168,2025-05-28,AAPL,evaluating apple against peers in technology hardware storage peripherals industry apple nasdaqaapl
169,2025-05-28,GOOGL,industry comparison evaluating meta platforms against competitors in interactive media services industry meta platforms nasdaqmeta
170,2025-05-28,MSFT,assessing microsofts performance against competitors in software industry microsoft nasdaqmsft
172,2025-05-28,MSFT,why an investment bank remains bullish on microsoft msft
173,2025-05-28,AAPL,apple inc aapl should be bought on weakness veteran investor says
174,2025-05-28,GOOGL,broadcom avgo is gaining market share in the aichip space tech researcher says
175,2025-05-28,MSFT,broadcom avgo is gaining market share in the aichip space tech researcher says
176,2025-05-28,TSLA,broadcom avgo is gaining market share in the aichip space tech researcher says
177,2025-05-28,AMZN,broadcom avgo is gaining market share in the aichip space tech researcher says
178,2025-05-28,AAPL,how to trade nvidia under earnings spotlight nvidia nasdaqnvda
179,2025-05-28,GOOGL,how to trade nvidia under earnings spotlight nvidia nasdaqnvda
180,2025-05-28,TSLA,how to trade nvidia under earnings spotlight nvidia nasdaqnvda
183,2025-05-28,MSFT,agentic ai can salesforces ai pivot lead to real growth
184,2025-05-28,TSLA,agentic ai can salesforces ai pivot lead to real growth
185,2025-05-28,TSLA,tesla why analysts think it could jump another 47
186,2025-05-28,MSFT,tesla why analysts think it could jump another 47
187,2025-05-28,TSLA,nvidias earnings report means another big test for the chip giant
188,2025-05-28,GOOGL,uber stock ready to ride higher on waymo partnership
189,2025-05-28,TSLA,uber stock ready to ride higher on waymo partnership
190,2025-05-28,MSFT,malaysia refuses to pick sides in uschina tech war vows to work with both we choose what is best microsoft nasdaqmsft arm holdings nasdaqarm
191,2025-05-28,AAPL,futures erases overnight loss trade higher ahead of nvidia earnings
192,2025-05-28,GOOGL,futures erases overnight loss trade higher ahead of nvidia earnings
193,2025-05-28,MSFT,futures erases overnight loss trade higher ahead of nvidia earnings
194,2025-05-28,TSLA,futures erases overnight loss trade higher ahead of nvidia earnings
195,2025-05-28,AAPL,apple expands self service repair program to ipads aaplnasdaq
196,2025-05-28,GOOGL,vaneck launches europes first only quantum computing etf
197,2025-05-28,TSLA,buckle upgamestop confirms bitcoin bombshell as wild speculation fuels huge price surge
198,2025-05-28,AAPL,the magnificent 7 earnings finale
201,2025-05-28,TSLA,stock market today markets cautious ahead of nvidia earnings and fomc minutes
202,2025-05-28,TSLA,teslas chinese rival byd sued for 45 million over alleged human trafficking slavelike conditions at brazil factory site tesla nasdaqtsla byd otcbyddy
204,2025-05-28,AAPL,wall street breakfast podcast shein aims for hong kong ipo
205,2025-05-28,AAPL,us stocks surge on tariff reprieve and lower yields
206,2025-05-28,TSLA,us stocks surge on tariff reprieve and lower yields
207,2025-05-28,AAPL,tata sons feels the heat as tcs shrinks dividend for the first time in 20 years
208,2025-05-28,AMZN,us stock futures dip after sharp rally focus on nvidia earnings
211,2025-05-28,TSLA,stock market today markets await nvidia earnings and fomc minutes amid tariff relief rally
212,2025-05-28,GOOGL,nvidias big moment is just ahead heres what to watch for
213,2025-05-28,TSLA,ubs issues sell rating on tesla tsla heres whats driving the caution
214,2025-05-28,AAPL,trumps 25 tariff threat looms but apple aapl isnt moving yet
215,2025-05-28,MSFT,microsoft msft gets 540 price target analyst sees 24 billion ai revenue boom
216,2025-05-28,AAPL,texas age verification law texas moves to enforce age verification on app stores amid growing concerns over childrens safety et brandequity
217,2025-05-28,AAPL,apple ramps up india manufacturing as us iphone imports surge 76 in april while shipments from china plunge apple nasdaqaapl
218,2025-05-28,AAPL,texas governor signs law mandating age verification on apple and google app stores
219,2025-05-28,GOOGL,raghuram rajan warns us risks future by curbing foreign students
220,2025-05-28,MSFT,microsoft stock 3 reasons why its still a strong buy nasdaqmsft
224,2025-05-28,AAPL,bitcoin vegas ten moments that cant be missed in the bull run
226,2025-05-28,AAPL,apple to launch dedicated gaming app across iphone ipad mac and apple tv
227,2025-05-28,AAPL,qualcomm modems outperform apples c1 chip in 5g performance study
228,2025-05-28,MSFT,trump world tries to corner crypto
229,2025-05-28,TSLA,spacex starship destroyed in third straight fiery test setback
230,2025-05-28,TSLA,musk says hes disappointed that trump tax bill raises deficit
232,2025-05-28,TSLA,nvda amc pdd djt tsla 5 trending stocks today amc entertainment hldgs nyseamc
233,2025-05-28,TSLA,sp 500 surges after surprising consumer confidence report
234,2025-05-28,TSLA,cathie wood dumps 99m tesla despite musks 247 pledge loads up on nvidia before earnings advanced micro devices nasdaqamd ark innovation etf batsarkk
235,2025-05-28,GOOGL,alphabet just slashed its stake in this monster artificial intelligence ai cybersecurity stock should you follow
236,2025-05-28,MSFT,the wild ride of informatica 32 years 2 ipos to 8 billion acquisition by salesforce
237,2025-05-28,AAPL,norways wealth fund ceo demands ai adoption among employees
238,2025-05-28,AMZN,norways wealth fund ceo demands ai adoption among employees
239,2025-05-28,GOOGL,norways wealth fund ceo demands ai adoption among employees
240,2025-05-28,TSLA,norways wealth fund ceo demands ai adoption among employees
241,2025-05-27,TSLA,musk must face suit challenging power as trump aide judge says
242,2025-05-27,AAPL,asx market open unsurprising trump eu backdown spurs markets into week 22 recovery
245,2025-05-27,AMZN,amazoncom inc amzn launches amazon aurora dsql for enhanced database performance amzn stock news
246,2025-05-27,AAPL,apple sinks after new 25 tariff announcementwhats the bottom
247,2025-05-27,GOOGL,us stocks surge as trade tensions ease tsla and amd lead gains
248,2025-05-27,TSLA,us stocks surge as trade tensions ease tsla and amd lead gains
249,2025-05-27,AAPL,us stocks surge as trade tensions ease tsla and amd lead gains
250,2025-05-27,AAPL,trump delays eu tariffs until july 9
251,2025-05-27,AAPL,apple aapl plans to launch gaming app on its devices aapl stock news
252,2025-05-27,AAPL,stock market today wall street surges as trump delays eu tariffs
253,2025-05-27,GOOGL,stock market today wall street surges as trump delays eu tariffs
254,2025-05-27,TSLA,stock market today wall street surges as trump delays eu tariffs
255,2025-05-27,AAPL,apple aapl makes first foray into gaming by acquiring indie studio rac7 aapl stock news
256,2025-05-27,TSLA,c2 blockchain inc announces plan to acquire 1000000 cardano ada tokens as part of longterm digital asset strategy
258,2025-05-27,AAPL,us major indices have a solid start to the holiday shortened week
259,2025-05-27,TSLA,us major indices have a solid start to the holiday shortened week
260,2025-05-27,MSFT,iceberg research predicts downfall for the metals company tmc tmc stock news
261,2025-05-27,TSLA,4 crypto stocks to consider as bitcoin hits new alltime highs robinhood markets nasdaqhood coinbase global nasdaqcoin
262,2025-05-27,MSFT,nvidia reports q1 earnings this week heres what to expect
263,2025-05-27,TSLA,stock market today markets rally as trump delays eu tariffs futures surge after memorial day
265,2025-05-27,TSLA,tesla inc tsla shares up 601 on may 27
266,2025-05-27,MSFT,alaska communications welcomes yasir alvi as cfo
267,2025-05-27,MSFT,super micro computer smci shares climb 5 after fiveday slump
268,2025-05-27,TSLA,tesla sales crash in europe but wall street bets big on its ai future
269,2025-05-27,GOOGL,democrats favor big tech republicans pick bitcoinetf returns tell the story
270,2025-05-27,MSFT,democrats favor big tech republicans pick bitcoinetf returns tell the story
271,2025-05-27,GOOGL,investing in alphabet with insights from io goog
272,2025-05-27,MSFT,alaska communications welcomes yasir alvi as cfo atni stock news
273,2025-05-27,GOOGL,google googl faces fierce competition in ai race goog stock news
274,2025-05-27,AAPL,trump vs apple we know how this one ends rating upgrade nasdaqaapl
275,2025-05-27,MSFT,builderais shocking 450m fall microsoft and qiabacked nocode ai darling files for bankruptcy after creditor seizure
276,2025-05-27,AAPL,spectrum tv app launches on lg and vizio smart tvs
277,2025-05-27,TSLA,shore fire media clients shape the summer 2025 season with starstudded music festivals and concert series
280,2025-05-27,AAPL,apple aapl sees boost in iphone sales through early discounts in china aapl stock news
281,2025-05-27,AAPL,aggressive stock buying on japans bond tweak igniting a global bond rally progress with europe spdr sp 500 arcaspy
282,2025-05-27,AMZN,aggressive stock buying on japans bond tweak igniting a global bond rally progress with europe spdr sp 500 arcaspy
283,2025-05-27,GOOGL,aggressive stock buying on japans bond tweak igniting a global bond rally progress with europe spdr sp 500 arcaspy
284,2025-05-27,TSLA,aggressive stock buying on japans bond tweak igniting a global bond rally progress with europe spdr sp 500 arcaspy
289,2025-05-27,AAPL,potential tariffs could significantly raise iphone prices aapl
290,2025-05-27,AAPL,apple quantifying the impact of 25 tariffs on gross margins nasdaqaapl
291,2025-05-27,TSLA,top stock movers now tesla autozone newmont and more
292,2025-05-27,AAPL,india rises shashank manis 5000mile paths to prosperity
293,2025-05-27,AAPL,todays midday market update stocks rally as trump delays eu tariffs
294,2025-05-27,MSFT,todays midday market update stocks rally as trump delays eu tariffs
295,2025-05-27,TSLA,todays midday market update stocks rally as trump delays eu tariffs
296,2025-05-27,TSLA,nvidia nvda earnings awaited as us stocks rise tsla and pdd in focus
297,2025-05-27,AAPL,nvidia nvda earnings awaited as us stocks rise tsla and pdd in focus
298,2025-05-27,MSFT,nvidia nvda earnings awaited as us stocks rise tsla and pdd in focus
299,2025-05-27,MSFT,terranet invites you to a digital investor meeting on june 3 2025
300,2025-05-27,TSLA,teslas tsla elon musk intensifies focus amid operational challenges tsla stock news
301,2025-05-27,AMZN,exploring the competitive space amazoncom versus industry peers in broadline retail amazoncom nasdaqamzn
302,2025-05-27,AAPL,market analysis apple and competitors in technology hardware storage peripherals industry apple nasdaqaapl
303,2025-05-27,GOOGL,assessing meta platformss performance against competitors in interactive media services industry meta platforms nasdaqmeta
304,2025-05-27,MSFT,investigating microsofts standing in software industry compared to competitors microsoft nasdaqmsft
305,2025-05-27,AAPL,alt5 sigma integrates lightning network with voltage to enable instant bitcoin payments
306,2025-05-27,AAPL,apple aapl shields app store from 9 billion in fraudulent transactions
307,2025-05-27,GOOGL,nasdaq index trades up 2 on the day sp index up 15
308,2025-05-27,TSLA,nasdaq index trades up 2 on the day sp index up 15
309,2025-05-27,AAPL,apple aapl faces prolonged selloff amid trumps tariff threats
311,2025-05-27,MSFT,was jim cramer right about microsoft corporation msft
312,2025-05-27,GOOGL,heres why alphabet goog is on detractors list of loomis sayles global growth fund
313,2025-05-27,AAPL,gibo announces successful application of inspirai in short drama completes thematic creation tests with honeyreels pioneering crossformat innovation in anime and liveaction short drama
314,2025-05-27,TSLA,elv securities notice did elevance health inc commit securities fraud contact bfa law about the class action lawsuit by july 11
315,2025-05-27,TSLA,iova securities notice did iovance biotherapeutics inc commit securities fraud contact bfa law about the class action lawsuit by july 14
316,2025-05-27,TSLA,civi securities notice did civitas resources inc commit securities fraud contact bfa law about the class action lawsuit by july 1
317,2025-05-27,TSLA,vtrs securities notice did viatris inc commit securities fraud contact bfa law about the class action lawsuit by june 3
318,2025-05-27,TSLA,codi securities notice did compass diversified holdings commit securities fraud contact bfa law about the class action lawsuit by july 8
319,2025-05-27,TSLA,bbai securities notice did bigbearai holdings inc commit securities fraud contact bfa law about the class action lawsuit by june 10
320,2025-05-27,TSLA,does tesla tsla offer a compelling rewardtorisk opportunity
321,2025-05-27,TSLA,wall street opens higher as tech stocks lead gains dow jumps over 300 points
323,2025-05-27,AMZN,amazoncom amzn dropped on guidance that fell short of market expectations
324,2025-05-27,GOOGL,steve cohen pulls the trigger on this ai powerhouse
325,2025-05-27,AAPL,apple blocks over 9b in potential fraudulent transactions in last five years aaplnasdaq
327,2025-05-27,AAPL,apple expands iphones tap to pay to eight more countries in europe aaplnasdaq
328,2025-05-27,GOOGL,alphabet continue to milk search while taking over ai nasdaqgoog
331,2025-05-27,AAPL,dow jones forecast djia rebounds as trump postpones steeper eu tariffs
332,2025-05-27,TSLA,dow jones forecast djia rebounds as trump postpones steeper eu tariffs
335,2025-05-27,AAPL,apple inc aapl is attracting investor attention here is what you should know
336,2025-05-27,MSFT,authid announces its 2025 board of directors nominees ahead of annual meeting
337,2025-05-27,AAPL,apple aapl positioned to benefit from potential usindia trade deal
338,2025-05-27,GOOGL,alphabet ai agents are key to search growth nasdaqgoogl
339,2025-05-27,AAPL,apple aapl faces significant threat from chatgpt veteran investor says
340,2025-05-27,MSFT,microsoft msft and nvidia nvda named as top picks by veteran investor
341,2025-05-27,TSLA,teslas european woes see no end april sales crash 49 as rivals race ahead in ev market tesla nasdaqtsla
342,2025-05-27,AAPL,futures rip higher after trump delays eu tariff hikes
343,2025-05-27,AAPL,jim cramer warns market could be in trouble if apple nvidia stocks slide this week really bad sign apple nasdaqaapl hon hai precision otchnhpf
344,2025-05-27,MSFT,should you buy amzn stock at 33 times earnings
345,2025-05-27,MSFT,stocks jump as japan panics about soaring bond yields
346,2025-05-27,TSLA,stocks jump as japan panics about soaring bond yields
347,2025-05-27,AAPL,stocks jump as japan panics about soaring bond yields
348,2025-05-27,GOOGL,stocks jump as japan panics about soaring bond yields
349,2025-05-27,AAPL,us stock market futures today dow surges over 500 points sp 500 and nasdaq rally as trump delays eu tariffs tech giants like apple microsoft and nvidia lead gains
350,2025-05-27,MSFT,us stock market futures today dow surges over 500 points sp 500 and nasdaq rally as trump delays eu tariffs tech giants like apple microsoft and nvidia lead gains
351,2025-05-27,TSLA,us stock market futures today dow surges over 500 points sp 500 and nasdaq rally as trump delays eu tariffs tech giants like apple microsoft and nvidia lead gains
352,2025-05-27,MSFT,authid announces its 2025 board of directors nominees ahead of annual meeting
353,2025-05-27,TSLA,5 things to know before the stock market opens
355,2025-05-27,TSLA,volkswagens diesel deception ends in prison time for 4 former executives tesla nasdaqtsla uber technologies nyseuber
356,2025-05-27,AAPL,apple aapl ceo skips middle east trip amid tariff concerns aapl stock news
357,2025-05-27,AAPL,apple the covert cyclical of the mag 7 nasdaqaapl
358,2025-05-27,TSLA,stock market today futures rally as trump delays eu tariffs nvidia earnings in focus
359,2025-05-27,AAPL,stock market today futures rally as trump delays eu tariffs nvidia earnings in focus
360,2025-05-27,TSLA,wall street breakfast podcast tesla sales tumble in europe
361,2025-05-27,AAPL,wall street breakfast podcast tesla sales tumble in europe
362,2025-05-27,AAPL,1 nobrainer sp 500 index fund to buy right now for less than 200
363,2025-05-27,MSFT,1 nobrainer sp 500 index fund to buy right now for less than 200
367,2025-05-27,AAPL,us stocks likely to open higher after sp 500s fourday fall market is riskoff says expert apple nasdaqaapl autozone nyseazo
368,2025-05-27,AAPL,this top vc wants to use main street america as an ai lab
369,2025-05-27,AAPL,asia markets mixed europe gains dollar strengthens on eu tariff delay global markets today while us slept smartetfs asia pacific dividend builder etf arcaadiv
370,2025-05-27,TSLA,tesla tsla faces steep decline in european ev sales amid rising competition
371,2025-05-27,AAPL,the real cost of trumps eu tariffs
372,2025-05-27,AAPL,trumps recent wrath on apple ceo tim cook is also tied to the middle east not just india report nvidia nasdaqnvda apple nasdaqaapl
373,2025-05-27,TSLA,trumps recent wrath on apple ceo tim cook is also tied to the middle east not just india report nvidia nasdaqnvda apple nasdaqaapl
374,2025-05-27,TSLA,us stock futures rally after long weekend on trade reprieve
375,2025-05-27,AAPL,us stock futures rally after long weekend on trade reprieve
376,2025-05-27,GOOGL,us stock futures rally after long weekend on trade reprieve
377,2025-05-27,TSLA,tesla autonomous driving rival pony ai to expand robotaxi fleet into dubai following agreement with regulators pony ai nasdaqpony
379,2025-05-27,AAPL,is the vanguard mega cap growth etf your ticket to mega returns
380,2025-05-27,MSFT,is the vanguard mega cap growth etf your ticket to mega returns
381,2025-05-27,TSLA,norway wealth fund chief tells staff that using ai is a must
382,2025-05-27,GOOGL,norway wealth fund chief tells staff that using ai is a must
383,2025-05-27,AMZN,norway wealth fund chief tells staff that using ai is a must
384,2025-05-27,AAPL,norway wealth fund chief tells staff that using ai is a must
385,2025-05-27,MSFT,2 unstoppable dividend stocks to buy and hold forever
386,2025-05-27,AAPL,stock market today futures rally on trumps eu tariff delay as markets reopen after memorial day
387,2025-05-27,MSFT,stock market today futures rally on trumps eu tariff delay as markets reopen after memorial day
388,2025-05-27,TSLA,stock market today futures rally on trumps eu tariff delay as markets reopen after memorial day
389,2025-05-27,TSLA,tesla struggles in europe as sales plunge 49 yy in april tslanasdaq
390,2025-05-27,GOOGL,youtube ceo neal mohan says the streaming giant must disrupt itself as he reflects on what a future rival might look like alphabet nasdaqgoog alphabet nasdaqgoogl
391,2025-05-27,AAPL,stock market today markets rally as trump delays eu tariffs key earnings in focus
392,2025-05-27,MSFT,stock market today markets rally as trump delays eu tariffs key earnings in focus
393,2025-05-27,TSLA,stock market today markets rally as trump delays eu tariffs key earnings in focus
